Logical_Name,Locator_Type,Locator
LoginPage,Module,
username_editbox_locator,xpath,.//*[@id='account']/div/input
password_editbox_locator,xpath,.//*[@id='password']/div/input
login_button_locator,id,submit
logout_button_locator,xpath,.//*[@id='r3']/span[4]
Tags,Module,
Tag_行政办公_locator,xpath,.//*[@id='r1']/ul/li[5]/table/tbody/tr/td[2]
Menus,Module,
Menu_办公用品_locator,xpath,.//*[@id='m09']/ul/li[1]/div[1]
SubMenu_办公用品管理_locator,xpath,.//*[@id='m09']/ul/li[1]/div[2]/ul/li[4]/span
ChartofAccounts_Menu_Locator,xpath,/html/body/form/div/div[2]/div/div/div[1]/table/tbody/tr[1]/td[2]
LedgerExtract_Menu_Locator,xpath,/html/body/form/div/div[2]/div/div/div[1]/table/tbody/tr[5]/td[2]
agency_menu_locator,xpath,.//*[@id='outerForm_menu_menu']/table/tbody/tr[2]/td[2]
agentsPoliciesPending_submenu_locator,xpath,.//*[@id='cmSubMenuID2']/table/tbody/tr[8]/td[2]
AdjustmentsPending_SubMenu_locator,xpath,.//*[@id='cmSubMenuID2']/table/tbody/tr[1]/td[2]
Billing_Menu_Locator,xpath,.//*[@id='outerForm_menu_menu']/table/tbody/tr[3]/td[2]
AutomaticPayments_SubMenu_Locator,xpath,.//*[@id='cmSubMenuID3']/table/tbody/tr[2]/td[2]
AccountControl_ThirdMenu_Locator,xpath,.//*[@id='cmSubMenuID4']/table/tbody/tr[1]/td[2]
Buttons,Module,
Submit_button,id,outerForm:Submit
Add_button,id,outerForm:Add
Search_button,id,outerForm:Search
Cancel_button,id,outerForm:Cancel
Withdraw_Button_Locator,id,outerForm:Withdraw
Edit_Button_Locator,id,outerForm:Edit
Continue_Button_Locator,id,outerForm:Continue
Issue_Button_Locator,id,outerForm:Issue
Decline_Button_Locator,id,outerForm:Decline
Update_Button_locator,id,outerForm:Update
ConfirmSubmit_button_locator,id,outerForm:ConfirmSubmit
Quote_button_locator,id,outerForm:Quote
Quote_Dividend_button_locator,id,outerForm:Calculate
ChangeToPending_Btn_Locator,id,outerForm:ChangeToPending
Find_Icon_Locator,id,outerForm:gnFindImage
Find_Icon_ClaimGrid_locator,id,outerForm:gnFindImage1
Add_Icon_Locator,id,outerForm:gnAddImage
NextPage_Icon_Locator,id,outerForm:gnNextImage
LastPage_Icon_Locator,id,outerForm:gnLastImage
FirstPage_Icon_Locator,id,outerForm:gnFirstImage
FundAllocations_icon_locator,id,outerForm:iconFundAllocation_image
HomeLink_locator,id,outerForm:headerHomeText
SkipStep_Button_locator,id,outerForm:SkipStep
Finish_Button_locator,id,outerForm:Finish
Full_button_locator,id,outerForm:FullSurrender
Partial_button_locator,id,outerForm:PartialSurrender
PayPremium_button_locator,id,outerForm:SurrenderToPayPremium
Breadcrumbtrail locators,Module,
Breadcrumbtrail_L1_Locator,id,outerForm:bctHistory01
Breadcrumbtrail_L2_Locator,id,outerForm:bctHistory02
Breadcrumbtrail_L3_Locator,id,outerForm:bctHistory03
Breadcrumbtrail_L4_Locator,id,outerForm:bctHistory04
Breadcrumbtrail_L5_Locator,id,outerForm:bctHistory05
Message locators,Module,
message1_locator,xpath,.//*[@id='outerForm:messageList']/li[1]
message2_locator,xpath,.//*[@id='outerForm:messageList']/li[2]
message3_locator,xpath,.//*[@id='outerForm:messageList']/li[3]
New Business Benefit page,Module,
plan_select_locator,id,outerForm:initialPlanCode
currencyItemMessage_txt_locator,xpath,.//*[@id='outerForm:messageList']/li
benefitType_txt_locator,id,outerForm:baseRiderCodeText
planName_txt_locator,id,outerForm:planCode
issueAge_txt_locator,id,outerForm:issueAge
insuredName_txt_locator,id,outerForm:insuredSelection
jointInsuredName_locator,id,outerForm:jointInsuredSelection
Joint_Underwriting_link,id,outerForm:JointUnderWriting
DisplayBenefit_Joint_Underwriting_link,id,outerForm:JointUnderwriting
units_editbox_locator,id,outerForm:unitsOfInsurance
riskClass_select_locator,id,outerForm:smokerCode
deathBenefitOption_FaceAmount_radio_locator,id,outerForm:deathBenefitOption:0
deathBenefitOption_FaceAmountPlusFundValue_radio_locator,id,outerForm:deathBenefitOption:1
nonforfeitureOption_select_locator,id,outerForm:defaultNonForfOpt
primaryDividend_select_locator,id,outerForm:primaryDividendOption
secondaryDividend_select_locator,id,outerForm:secondaryDividendOption
RMDMethod_select_locator,id,outerForm:rmdMethod
requestedAnnualPremium_editbox_locator,id,outerForm:annualPremium
ratingTable_SubstandardRating1_editbox_locator,id,outerForm:substandardRatiCode
flaxAmountExtra_SubstandardRating1_editbox_locator,id,outerForm:substdRatiFlatExtr
expiryYears_SubstandardRating1_editbox_locator,id,outerForm:substdRatiExpiDate
ratingTable_SubstandardRating2_editbox_locator,id,outerForm:substandardRatiCode1
flaxAmountExtra_SubstandardRating2_editbox_locator,id,outerForm:substdRatiFlatExtr1
expiryYears_SubstandardRating2_editbox_locator,id,outerForm:substdRatiExpiDate1
DED_select_locator,id,outerForm:coverageValue1
RAB_select_locator,id,outerForm:coverageValue2
supplementalBenefit_table_locator,id,outerForm:gridSup:tbody_element
supplimentalBenefit_checkbox18_locator,id,outerForm:gridSupp:17:selectedCheck
supplimentalBenefit_checkbox1_locator,id,outerForm:gridSupp:0:selectedCheck
supplimentalBenefit_checkbox2_locator,id,outerForm:gridSupp:1:selectedCheck
supplimentalBenefit_checkbox3_locator,id,outerForm:gridSupp:2:selectedCheck
supplimentalBenefit_checkbox4_locator,id,outerForm:gridSupp:3:selectedCheck
supplimentalBenefit_checkbox5_locator,id,outerForm:gridSupp:4:selectedCheck
supplimentalBenefit_checkbox6_locator,id,outerForm:gridSupp:5:selectedCheck
supplimentalBenefit_checkbox7_locator,id,outerForm:gridSupp:6:selectedCheck
supplimentalBenefit_checkbox8_locator,id,outerForm:gridSupp:7:selectedCheck
supplimentalBenefit_checkbox9_locator,id,outerForm:gridSupp:8:selectedCheck
supplimentalBenefit_checkbox10_locator,id,outerForm:gridSupp:9:selectedCheck
supplimentalBenefit_checkbox11_locator,id,outerForm:gridSupp:10:selectedCheck
supplimentalBenefit_checkbox12_locator,id,outerForm:gridSupp:11:selectedCheck
supplimentalBenefit_checkbox13_locator,id,outerForm:gridSupp:12:selectedCheck
supplimentalBenefit_checkbox14_locator,id,outerForm:gridSupp:13:selectedCheck
supplimentalBenefit_checkbox15_locator,id,outerForm:gridSupp:14:selectedCheck
supplimentalBenefit_checkbox16_locator,id,outerForm:gridSupp:15:selectedCheck
supplimentalBenefit_checkbox17_locator,id,outerForm:gridSupp:16:selectedCheck
supplimentalBenfit_units1_editbox_locator,id,outerForm:gridSupp:0:unitsOut2
supplimentalBenfit_units2_editbox_locator,id,outerForm:gridSupp:1:unitsOut2
supplimentalBenfit_units3_editbox_locator,id,outerForm:gridSupp:2:unitsOut2
supplimentalBenfit_units4_editbox_locator,id,outerForm:gridSupp:3:unitsOut2
supplimentalBenfit_units5_editbox_locator,id,outerForm:gridSupp:4:unitsOut2
supplimentalBenfit_units6_editbox_locator,id,outerForm:gridSupp:5:unitsOut2
supplimentalBenfit_units7_editbox_locator,id,outerForm:gridSupp:6:unitsOut2
supplimentalBenfit_units8_editbox_locator,id,outerForm:gridSupp:7:unitsOut2
supplimentalBenfit_units9_editbox_locator,id,outerForm:gridSupp:8:unitsOut2
supplimentalBenfit_units10_editbox_locator,id,outerForm:gridSupp:9:unitsOut2
supplimentalBenfit_units11_editbox_locator,id,outerForm:gridSupp:10:unitsOut2
supplimentalBenfit_units12_editbox_locator,id,outerForm:gridSupp:11:unitsOut2
supplimentalBenfit_units13_editbox_locator,id,outerForm:gridSupp:12:unitsOut2
supplimentalBenfit_units14_editbox_locator,id,outerForm:gridSupp:13:unitsOut2
supplimentalBenfit_units15_editbox_locator,id,outerForm:gridSupp:14:unitsOut2
supplimentalBenfit_units16_editbox_locator,id,outerForm:gridSupp:15:unitsOut2
supplimentalBenfit_units17_editbox_locator,id,outerForm:gridSupp:16:unitsOut2
supplimentalBenfit_units18_editbox_locator,id,outerForm:gridSupp:17:unitsOut2
FundSelection_link_locator,id,outerForm:FundSelectionText
addBenefitType_radio_locator,id,outerForm:testField:0
addBenefitType_SupplementalBenefit_Radio_locator,id,outerForm:testField:1
benefitPlan_select_locator,id,outerForm:testPlanCode
insuranceType_txt_locator,id,outerForm:insuranceTypeText
effectiveDate_Benefit_editbox_locator,name,outerForm:qqeffdt
postalStateOrigin_Insured_radio_locator,id,outerForm:postalStateOrigin:1
postalStateOrigin_Payor_radio_locator,id,outerForm:postalStateOrigin:2
coverageBenefitType_txt_locator,id,outerForm:coverageBenefitText
insuredName_Benefit_txt_locator,id,outerForm:iname
gender_txt_locator,id,outerForm:sexCodeText
premiumToApply_editbox_locator,id,outerForm:premiumToApply
calculatedAnnualPremium_txt_locator,id,outerForm:calcAnnualPremium
calculatedPremiumDue_txt_locator,id,outerForm:calcPremiumDue
deathBenefitOption_AddNewBusinessBenefit_txt_locator,id,outerForm:deathBenefitOption
NonforfeitureOption_AddNewBusinessBenefit_txt_locator,id,outerForm:defaultNonForfOpt
New Business Premium Calculation Summary page,Module,
Benefit_Grid1_Premiums_txt_locator,id,outerForm:grid:0:baseRiderCodeOut2
paymentMethod_txt_locator,id,outerForm:paymentCodeText
paymentFrequency_txt_locator,id,outerForm:billingModeList
cashWithApplication_txt_locator,id,outerForm:suspenseAmount
Plan_Grid1_txt_locator,id,outerForm:grid:0:planCodeOut2
baseAnnualPremium_txt_locator,id,outerForm:grid:0:benefitAnnualPremiumOut2
baseWeeklyPremium_txt_locator,id,outerForm:grid:0:benefitOtherModaPremOut2
rating1AnnualPremium_txt_locator,id,outerForm:grid:1:benefitAnnualPremiumOut2
rating2AnnualPremium_txt_locator,id,outerForm:grid:2:benefitAnnualPremiumOut2
baseSemiannualPremium_txt_locator,id,outerForm:grid:0:benefitSemiAnnuPremOut2
baseQuarterlyPremium_txt_locator,id,outerForm:grid:0:benefitQuarterlyPremOut2
baseMonthlyPremium_txt_locator,id,outerForm:grid:0:benefitMonthlyPremOut2
baseTargetPremium_txt_locator,id,outerForm:grid:0:targetPremiumOut2
baseNoLapsePremium_txt_locator,id,outerForm:grid:0:noLapsePremiumOut2
basePolicyFeeSemiannualPremium_txt_locator,id,outerForm:grid:1:benefitSemiAnnuPremOut2
basePolicyFeeQuarterlyPremium_txt_locator,id,outerForm:grid:1:benefitQuarterlyPremOut2
baseQuarterlyTotalPremium_txt_locator,id,outerForm:grid:2:benefitQuarterlyPremOut2
baseTotalSemiannualPremium_txt_locator,id,outerForm:grid:2:benefitSemiAnnuPremOut2
calculationDate_DisplayPremiums_txt_locator,id,outerForm:effectiveDate_input
rider1AnnualPremium_txt_locator,id,outerForm:grid:1:benefitAnnualPremiumOut2
totalAnnualPremium_txt_locator,id,outerForm:grid:2:benefitAnnualPremiumOut2
Update Status Change to Issue/Decline/Withdrawn page,Module,
suppressPolicyPages_radio_locator,xpath,.//*[@id='outerForm:suppressPolicyPages']/tbody/tr/td[1]/label/input
reason_select_locator,id,outerForm:transactionRsnCode
reviewPremium_link_locator,id,outerForm:ReviewPremiumsText
SuppressPolicyPages_No_locator,id,outerForm:suppressPolicyPages:0
SuppressPolicyPages_Yes_locator,id,outerForm:suppressPolicyPages:1
RefundUsing_ChkBox_Locator,id,outerForm:refundUsing:0
refundUsing_No_radio_locator,id,outerForm:refundUsing:1
Update Status Change to Active page,Module,
paymentAtSettle_editbox_locator,id,outerForm:paymentAtSettle
applyDate_select_locator,name,outerForm:applyDate
payComissions_select_locator,name,outerForm:payCommission
applyTo_txt_locator,id,outerForm:rolloverApplyTo
rollOverPremium_editbox_locator,id,outerForm:rolloverPremium
rollOverType_select_locator,id,outerForm:rolloverType
costBasisInformationProvided_Yes_radio_locator,id,outerForm:rolloverCostBasisInfoProvided:1
preTEFRABasisContribution_editbox_locator,id,outerForm:rolloverPreTefraBasisContribution
preTEFRAGainContribution_editbox_locator,id,outerForm:rolloverPreTefraGainContribution
baseContribution_editbox_locator,id,outerForm:rolloverBasisContribution
gainContribution_editbox_locator,id,outerForm:rolloverGainContribution
amountToSettle_txt_locator,id,outerForm:summaryAmountToSettle
cashWithApplicationSummary_txt_locator,id,outerForm:summaryCashWithAppliction
OverageSummary_txt_Locator,id,outerForm:summaryOverage
ShortageSummary_txt_Locator,id,outerForm:summaryShortage
amountToPremiumSuspense_txt_locator,id,outerForm:summaryAmtToPremiumSuspense
policyExchange_link_locator,id,outerForm:PolicyExchangeText
policyInquiry_link_locator,id,outerForm:PolicyInquiryText
primary_Insured,id,outerForm:primaryInsured
Suspense page,Module,
controlNumber_editbox_locator,id,outerForm:suspenseControlNumb
controlNumber_Search_editbox_locator,id,outerForm:grid:suspenseControlNumb
suspenseType_select_locator,id,outerForm:suspenseType
amountOfChange_editbox_locator,id,outerForm:amountOfChange
suspenseComments_editbox_locator,id,outerForm:suspenseComment
offset_GeneralLedger_radio_locator,id,outerForm:offset:1
offset_AgentAdgustment_radio_locator,id,outerForm:offset:0
offset_Suspense_radio_locator,id,outerForm:offset:2
offset_Check_radio_locator,id,outerForm:offset:1
offset_UpdateSuspensePage_Suspense_radio_locator,id,outerForm:offset:3
suspenseAccountNumber_select_locator,id,outerForm:suspenseAccountNumb
controlNumber_Grid_txt_locator,id,outerForm:grid:0:suspenseControlNumbOut2
controlNumber_grid2_txt_locator,id,outerForm:grid:1:suspenseControlNumbOut2
suspenseType_Grid_txt_locator,id,outerForm:grid:0:suspenseTypeOut2
suspenseBalance_Grid_txt_locator,id,outerForm:grid:0:suspenseAmountOut2
suspenseComments_Grid_txt_locator,id,outerForm:grid:0:suspenseCommentOut2
suspenseComments_Grid2_txt_locator,id,outerForm:grid:1:suspenseCommentOut2
suspensebalance_txt_locator,id,outerForm:suspenseAmount
payeeName_editbox_locator,id,outerForm:toName
address1_editbox_locator,id,outerForm:addressLineOne
address2_editbox_locator,id,outerForm:addressLineTwo
checkComments_editbox_locator,id,outerForm:longDescription
currency_grid1_link_locator,id,outerForm:grid:0:currencyCodeOut1
type_Suspense_grid2_txt_locator,id,outerForm:grid:1:suspenseTypeOut2
balance_Suspense_grid2_txt_locator,id,outerForm:grid:1:suspenseAmountOut2
suspenseHistory_link_locator ,id,outerForm:SuspenseDetailText
suspenseControlNumber_editbox_locator,id,outerForm:suspenseControlNumb2
suspenseType_UpdateSuspense_select_locator,id,outerForm:suspenseType2
RetainedAmount_editbox_locator,id,outerForm:retainedAmount
Benefit Payment page,Module,
AmountToApply_editbox_locator,id,outerForm:amountToApply
DateToApply_BenefitPaymentPage_editbox_locator,id,outerForm:dateToApply_input
PostTEFRABasis_editbox_locator,id,outerForm:postTEFRABasis
PostTEFRAGain_editbox_locator,id,outerForm:postTEFRAGain
Policy Payment page,Module,
payor_txt_locator,id,outerForm:payerName
paidToDate_Payment_txt_locator,id,outerForm:paidToDate_input
effectiveDate_Payment_txt_locator,id,outerForm:effectiveDate_input
paymentFrequency_PolicyPayment_txt_locator,id,outerForm:billingMode
paymentMethod_PolicyPayment_txt_locator,id,outerForm:paymentCode
dividendPrimaryOption_txt_locator,id,outerForm:dividendOptionPrim
NonforfeitureOption_txt_locator,id,outerForm:nonForfeitureOption
modalPremium_txt_locator,id,outerForm:modalPremium
minimumPremium_txt_locator,id,outerForm:minimumRequiredPrem
suspense_txt_locator,id,outerForm:suspenseAmount
minimumPayment_txt_locator,id,outerForm:minimumPaymentAllo
totalPayment_txt_locator,id,outerForm:totalPayment
netPayment_editbox_locator,id,outerForm:netPremium
overshort_txt_locator,id,outerForm:overShort
taxYear_editbox_locator,id,outerForm:taxYear
dateToApply_editbox_locator,id,outerForm:applyDate_input
payCommissions_select_locator,id,outerForm:payCommissionsOnPmt
Update Policy Contract page(Billing),Module,
applyDate_editbox_locator,name,outerForm:promptDate
quotePremium_link_locator,id,outerForm:PremiumQuotingText
paymentFrequency_PremiumQuote_editbox_locator,id,outerForm:payMode
paymentFrequency_PremiumQuote_txt_locator,id,outerForm:payModeText
updatePolicyContract_status_locator,id,outerForm:contractStatusAdmin
Display Policy Contract page(Inquiry->Policy Detail),Module,
paymentFrequency_PolicyDetail_txt_locator,id,outerForm:billingModeText
status_txt_locator,id,outerForm:statusText
policyFee_txt_locator,id,outerForm:modalPolicyFee
SuspendedReason_txt_locator,id,outerForm:suspendReasonCodeText
terminationDate_txt_locator,id,outerForm:terminationDate
Benefits_Link_locator,id,outerForm:BenefitsText
Loan_Link_DisplayPolicyContractPage,id,outerForm:LoansText
paidlToDate_txt_locator,id,outerForm:paidToDate_input
billedToDate_txt_locator,id,outerForm:billToDate_input
NextMAVDate_txt_locator,id,outerForm:nextMAVDate_input
suspenseBalance_DisplayPolicyContractPage_txt_locator,id,outerForm:suspenseBalance
contractDeliveryDate_txt_locator,id,outerForm:contractDeliveryDate_input
freeLookType_txt_locator,id,outerForm:freeLookTypeText
initialAllocationRules_txt_locator,id,outerForm:initialAllocationRuleText
expirationDate_txt_locator,id,outerForm:freeLookExpirationDate_input
additionalFieldsHistory_link_locator,id,outerForm:AdditionalFieldsHistoryText
billToDate_txt_locator,id,outerForm:billToDate
primaryDividendOption_txt_locator,id,outerForm:primaryDividendOptionText
nonforfeitureOption_locator,id,outerForm:nonForfeitureOptionText
Benefits_PolicyContract_link_locator,id,outerForm:BenefitsText
PolicyValue_Link_locator,id,outerForm:PolicyValuesText
dividends_link_locator,id,outerForm:DividendsText
TransactionHistory_Link_locator,id,outerForm:TransactionHistoryText
paymentMethod_Premium_txt_locator,id,outerForm:payCodeText
insuranceType_Grid1_txt_locator,id,outerForm:grid:0:insuranceTypeTextOut2
insuranceType_Grid2_txt_locator,id,outerForm:grid:1:insuranceTypeTextOut2
benefitType_Grid1_txt_locator,id,outerForm:grid:0:baseRiderCodeTextOut1
benefitType_Grid2_txt_locator,id,outerForm:grid:1:baseRiderCodeTextOut1
issueState_txt_locator,id,outerForm:stateOfIssueStateCodeText
faceAmount_txt_locator,id,outerForm:faceAmount
deathBenefitOption_txt_locator,id,outerForm:deathBenefitOptionText
costBasis_link_locator,id,outerForm:CostBasisText
costBasislink_locator,id,outerForm:CostBasis
distributionLine_Grid2_link_locator,id,outerForm:grid:1:distributionLineOut1
distributionLine_txt_locator,id,outerForm:distributionLine
increaseDecrease_txt_locator,id,outerForm:increaseDecreaseCode
7PayLevelPremium_txt_locator,id,outerForm:c7PayPremiumAmount
7PayStartDate_txt_locator,id,outerForm:c7PayStartDate_input
target_txt_locator,id,outerForm:premiumLimitsTarget
guidelineSingle_txt_locator,id,outerForm:guidelineSinglePrem
guidelineLevel_txt_locator,id,outerForm:guidelineLevelPrem
noLapseAnnual_txt_locator,id,outerForm:annualNoLapsePremium
PolicyContracts_AdditionalFields_link_locator,id,outerForm:AdditionalFields
PolicyContracts_Agent_link_locator,id,outerForm:Agent
PolicyContracts_DirectDeposit_link_locator,id,outerForm:DirectDeposit
PolicyContracts_Premuiums_link_locator,id,outerForm:Premiums
PolicyContracts_Restrictions_link_locator,id,outerForm:restrictions
PostalStateOrigin_txt_locator,id,outerForm:postalStateOriginText
EffectiveDate_link_locator,id,outerForm:grid:0:effectiveDateOut1
transactionHistory_Relationships_link_locator,id,outerForm:HistoryText
contractAssigned_DisplayPolicyContract_txt_locator,id,outerForm:contractAssignedText
nonforfeitureOption_DisplayPolicyContract_txt_locator,id,outerForm:nonForfeitureOptionText
Dividend and Coupon Summary page,Module,
onDepositAccumulation_DividendCoupon_txt_locator,id,outerForm:divCpnOnDepositAmt
interestPaidTo_txt_locator,id,outerForm:divCpnDepIntPaidTo_input
benefitSurrenderedCashAmount_txt_locator,id,outerForm:divCpnCashValueAmt
Display Transaction History page(Inquiry->Policy Detail),Module,
transactionDate1_link_locator,id,outerForm:grid:0:transactionDateOut1
transactionDate2_link_locator,id,outerForm:grid:1:transactionDateOut1
transactionDate3_link_locator,id,outerForm:grid:2:transactionDateOut1
transactionDate4_link_locator,id,outerForm:grid:3:transactionDateOut1
user_grid1_txt_locator,id,outerForm:grid:0:userIDOut2
user_grid2_txt_locator,id,outerForm:grid:1:userIDOut2
user_grid3_txt_locator,id,outerForm:grid:2:userIDOut2
user_grid4_txt_locator,id,outerForm:grid:3:userIDOut2
transaction_grid1_txt_locator,id,outerForm:grid:0:typeTextOut2
transaction_grid2_txt_locator,id,outerForm:grid:1:typeTextOut2
transaction_grid3_txt_locator,id,outerForm:grid:2:typeTextOut2
transaction_grid4_txt_locator,id,outerForm:grid:3:typeTextOut2
benefit_grid1_txt_locator,id,outerForm:grid:0:baseRiderCodeTextOut2
benefit_grid2_txt_locator,id,outerForm:grid:1:baseRiderCodeTextOut2
benefit_grid3_txt_locator,id,outerForm:grid:2:baseRiderCodeTextOut2
benefit_grid4_txt_locator,id,outerForm:grid:3:baseRiderCodeTextOut2
Amount_Grid1_txt_locator,id,outerForm:grid:0:transactionAmountTextOut2
Amount_Grid2_txt_locator,id,outerForm:grid:1:transactionAmountTextOut2
Amount_Grid3_txt_locator,id,outerForm:grid:2:transactionAmountTextOut2
Amount_Grid4_txt_locator,id,outerForm:grid:3:transactionAmountTextOut2
Reversed_Grid1_txt_locator,id,outerForm:grid:0:reversedTextOut2
Reversed_Grid2_txt_locator,id,outerForm:grid:1:reversedTextOut2
Reversed_Grid3_txt_locator,id,outerForm:grid:2:reversedTextOut2
paymentType_Loan_txt_locator,id,outerForm:loanPaymentType
transactionDate_txt_locator,id,outerForm:transactionDate
payOff_txt_locator,id,outerForm:payoffCode
paymentAmount_txt_locator,id,outerForm:loanPaymentAmount
regularInterestAmount_txt_locator,id,outerForm:loanInterestAmount1
regularLoanAmount_txt_locator,id,outerForm:loanPrincipal1
transactionDescription_txt_locator,id,outerForm:transactionType
paymentFrequency_Before_txt_locator,id,outerForm:billingMode
paymentFrequency_After_txt_locator,id,outerForm:billingModeTwo
PaymentMethod_after_locator,id,outerForm:paymentCodeTwo
primaryDividendOption_Before_txt_locator,id,outerForm:dividendOptionPrim
primaryDividendOption_After_txt_locator,id,outerForm:dividendOptionPrimTwo
issueDate_txt_locator,id,outerForm:issueDate
calculatedPremium_txt_locator,id,outerForm:requiredPremium
requestedPremium_txt_locator,id,outerForm:requestedPremium
paymentType_txt_locator,id,outerForm:paymentType
basis_txt_locator,id,outerForm:basis
description_txt_locator,id,outerForm:eventType
effectiveDate_txt_locator,id,outerForm:effectieveDate_input
faceChangeAmount_txt_locator,id,outerForm:faceChangeAmount
plan_before_txt_locator,id,outerForm:beforePlanCode
plan_after_txt_locator,id,outerForm:beforePlanCodeTwo
deathBenefitOption_Before_txt_locator,id,outerForm:deathBenefitOption
deathBenefitOption_After_txt_locator,id,outerForm:deathBenefitOptionTwo
benefitStatus_before_locator,id,outerForm:benefitStatus
benefitStatus_after_locator,id,outerForm:benefitStatusTwo
transactionType_txt_locator,id,outerForm:posTransType
units_before_txt_locator,id,outerForm:beforeUnits
units_after_txt_locator,id,outerForm:beforeUnitsTwo
faceAmount_before_txt_locator,id,outerForm:beforePolicyAmount
faceAmount_after_txt_locator,id,outerForm:beforePolicyAmountTwo
annualPremium_before_txt_locator,id,outerForm:beforeAnnualPrem
annualPremium_after_txt_locator,id,outerForm:beforeAnnualPremTwo
rollovertype_txt_locator,id,outerForm:rolloverCode
paymentEvent_link_locator,id,outerForm:PaymentEventsText
premiumCommissionHistory_txt_locator,id,outerForm:PremiumCommissionHistoryText
insuranceType_DisplayPaymentTransaction_txt_locator,id,outerForm:insuranceType
type_DisplayPaymentTransaction_txt_locator,id,outerForm:TransactionType1
GuidelineSinglePremium_before_txt_locator,id,outerForm:guidelineSinglePrem
GuidelineSinglePremium_after_txt_locator,id,outerForm:guidelineSinglePremTwo
GuidelineLevelPremium_before_txt_locator,id,outerForm:guidelineLevelPrem
GuidelineLevelPremium_after_txt_locator,id,outerForm:guidelineLevelPremTwo
AccumulatedLevel_before_txt_locator,id,outerForm:guidelineLevelAccu
AccumulatedLevel_after_txt_locator,id,outerForm:guidelineLevelAccuTwo
7YearLevelPremiumAmount_before_txt_locator,id,outerForm:sevenPayLevelPremium
7YearLevelPremiumAmount_after_txt_locator,id,outerForm:sevenPayLevelPremiumTwo
StartDate_before_txt_locator,id,outerForm:before7PayStartDay
StartDate_after_txt_locator,id,outerForm:before7PayStartDayTwo
over/Short_DisplayAddLifeRiderTransaction_txt_locator,id,outerForm:overShortAmount
Display Payment Transaction page,Module,
type_DisplayReinstatementTransaction_txt_locator,id,outerForm:posTransactionType
PremiumPaid_txt_locator,id,outerForm:paymentAmount
OldTerminationDate_txt_locator,id,outerForm:oldTerminationDay_input
newEffectiveDate_txt_locator,id,outerForm:newEffectiveDay
reason_DisplayPaymentTransaction_txt_locator,id,outerForm:premiumReveRsnCode
date_DisplayPaymentTransaction_txt_locator,id,outerForm:reversalDate_input
TransactionType_DisplayRelationshipTransactionHistory_txt_locator,id,outerForm:clientMasterTranCode
afterClientName_DisplayRelationshipTransactionHistory_txt_locator,id,outerForm:clientNameTwo
afterClientRelationship_DisplayRelationshipTransactionHistory_txt_locator,id,outerForm:userDefnRelaTypeTwo
afterClientNumber_DisplayRelationshipTransactionHistory_txt_locator,id,outerForm:clientNumberTwo
beforShare%_DisplayRelationshipTransactionHistory_txt_locator,id,outerForm:sharePercentage
afterShare%_DisplayRelationshipTransactionHistory_txt_locator,id,outerForm:sharePercentageTwo
beforContractAssigned_DisplayContract/BillingTransaction_txt_locator,id,outerForm:contractAssigned
afterContractAssigned_DisplayContract/BillingTransaction_txt_locator,id,outerForm:contractAssignedTwo
redeterminationHistory_DisplayPolicyControl_link_locator,id,outerForm:RedeterminationHistoryText
nFOOptionProcessed_txt_locator,id,outerForm:nfoOptionProcessed
applyDate_txt_locator,id,outerForm:transactionDate_input
Display Benefit Status Maintenance Transaction page(Inquiry > Policy Detail),Module,
disbursementMethod_txt_locator,id,outerForm:produceCheck
disbursementAmount_DisplayBenefitStatusMaintenanceTransaction_txt_locator,id,outerForm:checkAmount
Display Maturity/Expiration Transaction History page(inquiry > Policy detail),Module,
DistributionReason_txt_locator,id,outerForm:numericDistCode
DisbursementAllocation_txt_locator,id,outerForm:disbursementCheckAmt
Display Substandard Rating Transaction page(Inquiry > Policy Detail), Module,
effectiveDate_subRating1_after_txt_locator,id,outerForm:effective1DateTwo
effectiveDate_subRating1_before_txt_locator,id,outerForm:effective1Date
effectiveDate_subRating2_after_txt_locator,id,outerForm:effective2DateTwo
effectiveDate_subRating2_before_txt_locator,id,outerForm:effective2Date
expirationDate_subRating1_before_txt_locator,id,outerForm:expiration1Date
expirationDate_subRating1_after_txt_locator,id,outerForm:expiration1DateTwo
expirationDate_subRating2_before_txt_locator,id,outerForm:expiration2Date
expirationDate_subRating2_after_txt_locator,id,outerForm:expiration2DateTwo
ratingPercentage_subRating1_after_txt_locator,id,outerForm:rating1PercentageTwo
ratingPercentage_subRating1_before_txt_locator,id,outerForm:rating1Percentage
ratingPercentage_subRating2_after_txt_locator,id,outerForm:rating2PercentageTwo
ratingPercentage_subRating2_before_txt_locator,id,outerForm:rating2Percentage
ratingTable_subRating1_before_txt_locator,id,outerForm:rating1Code
ratingTable_subRating1_after_txt_locator,id,outerForm:rating1CodeTwo
ratingTable_subRating2_before_txt_locator,id,outerForm:rating2Code
ratingTable_subRating2_after_txt_locator,id,outerForm:rating2CodeTwo
flatExtraPerUnit_subRating1_after_txt_locator,id,outerForm:flatExtra1PerUnitTwo
flatExtraPerUnit_subRating1_before_txt_locator,id,outerForm:flatExtra1PerUnit
flatExtraPerUnit_subRating2_after_txt_locator,id,outerForm:flatExtra2PerUnitTwo
flatExtraPerUnit_subRating2_before_txt_locator,id,outerForm:flatExtra2PerUnit
Policy Value Summary page(Inquiry->Policy Detail),Module,
calculationDate_locator,id,outerForm:calcDay_input
policyprincipal_txt_locator,id,outerForm:policyPrinCashValue
loanInterestDue_txt_locator,id,outerForm:loanIntDue
onAccumulation_txt_locator,id,outerForm:onAccumulation
netPolicyValue_txt_locator,id,outerForm:netCashValue
dividend_link_locator,id,outerForm:DividendText
onDepositAccumulation_txt_locator,id,outerForm:onDepositAccumulationDiv
interest/Gain_PolicyValueSummary_txt_locator,id,outerForm:policyIntCashValue
surrenderCharges_PolicyValueSummary_txt_locator,id,outerForm:policySurrChrgs
premiumDue_txt_locator,id,outerForm:premiumDue
Request Policy Loan page,Module,
TypeofLoan_select_locator,id,outerForm:loanTypeCode
PaymentPeriodInMonths_editbox_locator,id,outerForm:premiumPeriodYears
PaymentMethod_RequestPolicyLoan_select_locator,id,outerForm:paymentMethod
owner_txt_locator,id,outerForm:policyOwnerName
benefit_txt_locator,id,outerForm:baseRiderCode
plan_txt_locator,id,outerForm:planCodeText
paidToDate_txt_locator,id,outerForm:paidToDate
maximumAvailableNetLoan_txt_locator,id,outerForm:maximumAvailableNetLoan
maximumLoanRequest_No_radio_locator,id,outerForm:maximumLoanRequest:0
maximumLoanRequest_Yes_radio_locator,id,outerForm:maximumLoanRequest:1
GrossOrNet_Gross_radio_locator,xpath,.//*[@id='outerForm:grossOrNetLoan']/tbody/tr/td[1]/label/input
GrossOrNet_Net_radio_locator,xpath,.//*[@id='outerForm:grossOrNetLoan']/tbody/tr/td[2]/label/input
GrosssOrNet_Net_txt_locator,id,outerForm:grossOrNetLoan
requestedLoanAmount_editbox_locator,id,outerForm:loanRequest
loanInterestCalculatedToDate_txt_locator,id,outerForm:interestCalcToDate
loanValues_link_locator,id,outerForm:LoanValuesText
method_txt_locator,id,outerForm:loanInterestMethodText
annualInterestRate_txt_locator,id,outerForm:interestRateBText
distributionInformation_link_locator,id,outerForm:DistributionInformationText
amount_Disbursement_txt_locator,id,outerForm:disbursementAmount
method_Disbursement_radio_locator,id,outerForm:selectedDisbMthd:0
method_Disbursement_Suspense_radio_locator,id,outerForm:selectedDisbMthd:1
loanInterestAmount_txt_locator,id,outerForm:loanInterestAmount
grossLoan_txt_locator,id,outerForm:grossLoan
netLoan_txt_locator,id,outerForm:netLoan
owner_LoanPayment_txt_locator,id,outerForm:ownername
loanEffectiveDate_txt_locator,id,outerForm:loanEffectiveDate
interestPaidToDate_txt_locator,id,outerForm:loanIntPaidToDate
payOffAmount_txt_locator,id,outerForm:totalPayoffAmount
balance_txt_locator,id,outerForm:regularLoanBalance
currentYearInterestAjusted_txt_locator,id,outerForm:regularCurrentYearAdjusted
ajustedPayOffAmount_txt_locator,id,outerForm:regularAdjustedPayoffAmount
paymentAmount_editbox_locator,id,outerForm:paymentAmount
paymentAmount_PrinciplePayment_editbox_locator,xpath,.//*[@id='outerForm:fieldWithIcon']/tbody/tr/td/input
outstandingLoan_txt_locator,id,outerForm:loanAmt
unearnedLoanInterest_txt_locator,id,outerForm:unearnedLoanInt
distributionReasonCode_RequestPolicyLoan_txt_locator,id,outerForm:distReasonCode
totalGainSurrendered_RequestPolicyLoan_txt_locator,id,outerForm:totalGainSurrendered
federalWithholdingTax_RequestPolicyLoan_txt_locator,id,outerForm:federalIncomeTaxWith
stateWithholdingTax_RequestPolicyLoan_txt_locator,id,outerForm:stateIncomeTaxWith
TaxWithholding_RequestPolicyLoan_link_locator,id,outerForm:TaxWithholdingText
grossOrNet_RequestPolicyLoan_radio_Gross_locator,id,outerForm:grossOrNetLoan:0
grossOrNet_RequestPolicyLoan_radio_Net_locator,id,outerForm:grossOrNetLoan:1
Tax Withholding page,Module,
gainSurrendered_TaxWithholding_txt_locator,id,outerForm:grid:0:totalGainOut2
federalTaxWithholding_TaxWithholding_txt_locator,id,outerForm:grid:0:federalWithTaxOut2
stateTaxWithholding_TaxWithholding_txt_locator,id,outerForm:grid:0:stateWithholdingTaxOut2
Display Loan Values page,Module,
toDate_txt_locator,id,outerForm:interestCalcDay_input
regularLoanInterest_txt_locator,id,outerForm:interestAmtB
grossLoan_DisplayLoanValues_txt_locator,id,outerForm:maxGrossLoan
netLoan_DisplayLoanValues_txt_locator,id,outerForm:maximumAvailablenetLoan
Ledger Extract Entries page,Module,
Title_table_locator,id,outerForm:table1
LedgerExtract_AccountGrid_table_locator,id,outerForm:grid
AccountNumber_txt_locator,id,outerForm:id_generalLedgerAcctNum
Amount_DisplayLedgerExtractPage_txt_locator,id,outerForm:id_generalLedgerTranAmt
TransactionCode_txt_locator,id,outerForm:id_glTransactionCode
Description_DisplayLedgerExtractPage_txt_locator,id,outerForm:id_glTransactonDesc
DisplayLedgerExtract_AccountNumber_Text_Locator,id,outerForm:id_generalLedgerAcctNum
DisplayLedgerExtract_Amount_Text_Locator,id,outerForm:id_generalLedgerTranAmt
DisplayLedgerExtract_TransactionCode_Text_Locator,id,outerForm:id_glTransactionCode
LedgerReference1_locator,id,outerForm:id_referenceNumber1
transactionDate_DisplayLedgerExtract_txt_locator,id,outerForm:id_glTransactionDate
StateCode_txt_locator,id,outerForm:id_stateCode
DisplayLedgerExtract_StateCode_Text_Locator,id,outerForm:id_stateCode
Account_Link_Grid1_LedgerExtractEntriesPage,id,outerForm:grid:0:generalLedgerAcctNumOut1
Account_Link_Grid10_LedgerExtractEntriesPage,id,outerForm:grid:9:generalLedgerAcctNumOut1
Account_Link_Grid9_LedgerExtractEntriesPage,id,outerForm:grid:8:generalLedgerAcctNumOut1
Account_Link_Grid3_LedgerExtractEntriesPage,id,outerForm:grid:2:generalLedgerAcctNumOut1
Account_Link_Grid2_LedgerExtractEntriesPage,id,outerForm:grid:1:generalLedgerAcctNumOut1
account_Grid10_link_locator,id,outerForm:grid:9:generalLedgerAcctNumOut1
amount_Grid10_txt_locator,id,outerForm:grid:9:generalLedgerTranAmtOut2
account_Grid9_link_locator,id,outerForm:grid:8:generalLedgerAcctNumOut1
amount_Grid9_txt_locator,id,outerForm:grid:8:generalLedgerTranAmtOut2
account_Grid8_link_locator,id,outerForm:grid:7:generalLedgerAcctNumOut1
amount_Grid8_txt_locator,id,outerForm:grid:7:generalLedgerTranAmtOut2
TaxQualifiedCode_txt_locator,id,outerForm:id_taxQualifiedCode
description_Grid9_txt_locator,id,outerForm:grid:8:glTransactonDescOut2
PlanCode_txt_locator,id,outerForm:id_planCode
Search Ledger Extract Entries page,Module,
OperatorforAccountNumber_select_locator,id,outerForm:grid:0:FullOperator
ValueforAccountNumber_editbox_locator,id,outerForm:grid:0:fieldUpper
OperatorforReference1_select_locator,id,outerForm:grid:18:FullOperator
ValueforReference1_editbox_locator,id,outerForm:grid:18:fieldUpper
Death Benefit Option Change Request page(Policyowner Services > Nontraditional > Death Benefit Option Change),Module,
faceAjustmentAmount_txt_locator,id,outerForm:faceAdjustmentAmount
effectiveDateofChange_txt_locator,id,outerForm:effectiveChangeDate_input
Joint Underwriting Maintenance,Module,
JUM_jointInsuredName_locator,id,outerForm:jointName
JUM_insuredName_locator,id,outerForm:insuredName
JUM_Uninsurable_locator,id,outerForm:insuredUninsurable:0
JUM_JointUninsurable1_locator,id,outerForm:jointUninsurable:0
JUM_RiskClass_locator,id,outerForm:insuredRiskClass
JUM_JointRiskClass_locator,id,outerForm:jointRiskClass
JUM_jointinsured_txt_locator,id,outerForm:jointInsuredName
JUM_DistributionLine1_link_locator,id,outerForm:grid:0:distributionLineTextLink
JUM_DistributionLine_SecondLine_link_locator,id,outerForm:grid:1:distributionLineTextLink
JUM_DistributionLine_SecondLine_Relationship_locator,id,outerForm:grid:1:userDefnRelaTypeOut2
JUM_DistributionLine_SecondLine_ExpirationDate_locator,id,outerForm:grid:1:substdRatiExpiDateOut2
Display Joint Underwriting page,Module,
JUDisplay_Name_locator,id,outerForm:clientName
JUDisplay_Relationship_locator,id,outerForm:userDefnRelaType
JUDisplay_IssueAge_locator,id,outerForm:issueAge
JUDisplay_Sub1RatingAmount_locator,id,outerForm:percentagesubstdRating1Text
JUDisplay_Sub1RatingTable_locator,id,outerForm:substandardRatiCode
Update Joint Underwriting page,Module,
JUUpdate_Sub1EffectiveDate_locator,id,outerForm:substdRating1EffDate_input
JUUpdate_Sub1ExpirationDate_locator,id,outerForm:substdRatiExpiDate_input
JUUpdate_Sub1AddRatingTable_locator,id,outerForm:substandardRatiCode
Display Joint Underwriting Transaction page,Module,
JUDisplayTransaction_Sub1EffectiveDate_before_locator,id,outerForm:substdRating1EffDate
JUDisplayTransaction_Sub1EffectiveDate_after_locator,id,outerForm:substdRating1EffDateTwo
JUDisplayTransaction_Sub1ExpirationDate_before_locator,id,outerForm:substdRatiExpiDate
JUDisplayTransaction_Sub1ExpirationDate_after_locator,id,outerForm:substdRatiExpiDateTwo
JUDisplayTransaction_Sub1RatingAmount_before_locator,id,outerForm:substdRating1Perc
JUDisplayTransaction_Sub1RatingAmount_after_locator,id,outerForm:substdRating1PercTwo
JUDisplayTransaction_Sub1RatingTable_before_locator,id,outerForm:substandardRatiCode
JUDisplayTransaction_Sub1RatingTable_after_locator,id,outerForm:substandardRatiCodeTwo
Benefit Status Change page(Policyowner Services > Benefit Maintenance > Benefit Status Change ),Module,
base_link_locator,id,outerForm:grid:0:baseRiderCodeOut1
paidToDate_BenefitStatusChangePage_txt_locator,id,outerForm:paidToDate_input
terminationDate_editbox_locator,id,outerForm:terminationDate_input
newBenefitStatus_select_locator,id,outerForm:newBenefitStatus
baseBenefitStatus_txt_locator,id,outerForm:grid:0:benefitStatusTextOut2
baseSupplementalStatus_txt_locator,id,outerForm:grid:1:benefitStatusTextOut2
benefitStatus_effectiveDate_locator,id,outerForm:grid:0:effectiveDateOut2
benefitStatus_Insured_locator,id,outerForm:grid:0:benefittInsuredNameOut2
Insured_BenefitStatusChangePage_grid1_txt_locator,id,outerForm:grid:0:benefittInsuredNameOut2
IssueAge_grid1_txt_locator,id,outerForm:grid:0:issueAgeOut2
Display Benefit page(Inquiry > Policy Detail > Benefits  ),Module,
status_DisplayBenefitPage_txt_locator,id,outerForm:benefitStatusText
ExpirationDate_DisplayBenefitPage_txt_locator,id,outerForm:expiryDate_input
terminationDate_DisplayBenefitPage_txt_locator,id,outerForm:terminationDate
paidUpDate_txt_locator,id,outerForm:payUpDate_input
annualPremium_txt_locator,id,outerForm:annualPremium
TotalBenefitModalPremium_txt_locator,id,outerForm:totalModalPremium
agent_link_locator,id,outerForm:AgentText
benefitDistribution_link_locator,id,outerForm:BenefitDistributionText
endorsements_link_locator,id,outerForm:EndorseExcludeText
eventHistory_link_locator,id,outerForm:EventHistoryText
Funds_link_locator,id,outerForm:FundInquiryText
policyControl_link_locator,id,outerForm:PolicyControlText
substandardRatings_link_locator,id,outerForm:SubstandardRatings
fundedBenefit_txt_locator,id,outerForm:fundedBenefitText
Status_Grid1_DisplayBenefits_txt_locator,id,outerForm:grid:0:benefitStatusTextOut2
Status_Grid2_DisplayBenefits_txt_locator,id,outerForm:grid:1:benefitStatusTextOut2
PlanName_Grid1_DisplayBenefits_txt_locator,id,outerForm:grid:0:planCodeTextOut2
PlanName_Grid2_DisplayBenefits_txt_locator,id,outerForm:grid:1:planCodeTextOut2
Insured_Grid1_DisplayBenefits_txt_locator,id,outerForm:grid:0:insuredNameOut2
Insured_Grid2_DisplayBenefits_txt_locator,id,outerForm:grid:1:insuredNameOut2
Supplemental Benefit Selection page(Inquiry > Policy Detail > Benefits > Supplemental Benefit),Module,
plan_grid1_link_locator,id,outerForm:grid:0:planCodeOut1
Substandard Ratings page(Inquiry > Policy Detail > Benefits > Substandard Ratings ),Module,
effectiveDate_SubRating1_txt_locator,id,outerForm:subStdRating1EffDate_input
expirationDate_SubRating1_txt_locator,id,outerForm:subStdRating1ExpiryDate_input
ratingPercentage1_txt_locator,id,outerForm:substdRating1Perc
ratePerUnit1_txt_locator,id,outerForm:substdRatiFlatExtr
effectiveDate_SubRating2_txt_locator,id,outerForm:subStdRating2EffDate_input
expirationDate_SubRating2_txt_locator,id,outerForm:subStdRating2ExpiryDate_input
ratePerUnit2_txt_locator,id,outerForm:substdRatiFlatExtr2
TotalAnnual_txt_locator,id,outerForm:annualPremium
subratingPremium_total_txt_locator,id,outerForm:modalPremium
Display Event History page(Inquiry > Policy Detail > Benefits > Event History),Module,
activityDate_Grid1_link_locator,id,outerForm:grid:0:activityDateOut1
activityDate_Grid2_link_locator,id,outerForm:grid:1:activityDateOut1
activityDate_Grid3_link_locator,id,outerForm:grid:2:activityDateOut1
activityDate_Grid4_link_locator,id,outerForm:grid:3:activityDateOut1
activityDate_Grid5_link_locator,id,outerForm:grid:4:activityDateOut1
activityDate_Grid6_link_locator,id,outerForm:grid:5:activityDateOut1
activityDate_Grid7_link_locator,id,outerForm:grid:6:activityDateOut1
activityDate_Grid8_link_locator,id,outerForm:grid:7:activityDateOut1
activityDate_Grid9_link_locator,id,outerForm:grid:8:activityDateOut1
activityDate_Grid10_link_locator,id,outerForm:grid:9:activityDateOut1
Update Benefit page(Policyowner Services > Benefit Maintenance > Benefit   ),Module,
applyDate_PolicyownerService_editbox_locator,id,outerForm:promptDate_input
baseBenefit_link_locator,id,outerForm:grid:0:baseRiderCodeTextLinkOnlyOut1
riderBenefit_link_locator,id,outerForm:grid:1:baseRiderCodeTextLinkOnlyOut1
insured_txt_locator,id,outerForm:insuredName
annualPremium_editbox_locator,id,outerForm:annualPremium
recalculatePremium_txt_locator,id,outerForm:recalculatePremium
recalculatePremium_No_radio_locator,id,outerForm:recalculatePremium:0
recalculatePremium_Yes_radio_locator,id,outerForm:recalculatePremium:1
Add Substandard Rating  page(Policyowner Services > Benefit Maintenance > Substandard Rating  ),Module,
baseBenefit_PSSubRate_link_locator,id,outerForm:grid:0:baseRiderCodeTextOut1
Status_Grid1_SubstandardRatingPage_txt_locator,id,outerForm:grid:0:benefitStatusOut2
Status_Grid2_SubstandardRatingPage_txt_locator,id,outerForm:grid:1:benefitStatusOut2
PlanName_Grid1_SubstandardRatingPage_txt_locator,id,outerForm:grid:0:planCodeTextOut2
PlanName_Grid2_SubstandardRatingPage_txt_locator,id,outerForm:grid:1:planCodeTextOut2
Insured_Grid1_SubstandardRatingPage_txt_locator,id,outerForm:grid:0:insuredOut2
Insured_Grid2_SubstandardRatingPage_txt_locator,id,outerForm:grid:1:insuredOut2
Insured_AddSubstandardRating_txt_locator,id,outerForm:insured
effectiveDate_SubRate_editbox_locator,id,outerForm:effectiveDate_input
effectiveDate1_SubRate_editbox_locator,id,outerForm:effectiveDate1_input
expirationDate_editbox_locator,id,outerForm:expiryDate_input
expirationDate1_editbox_locator,id,outerForm:expiryDate1_input
ratingTable_editbox_locator,id,outerForm:tableRating
ratingTable1_editbox_locator,id,outerForm:tableRating1
ratingAmount_txt_locator,id,outerForm:ratingAmountText
FlatExtraPerUnit_SubRating1_editbox_locator,id,outerForm:flatExtraPerUnit
FlatExtraPerUnit_editbox_locator,id,outerForm:flatExtraPerUnit1
Reinstatement Maintenance,Module,
reiMaintenance_LapseDate_locator,id,outerForm:lapseDate_input
reiMaintenance_ReinDate_locator,id,outerForm:reinstatmentDate_input
reiMaintenance_StepStatusChange_locator,id,outerForm:SectionText1
reiMaintenance_Description_locator,id,outerForm:stepText
stepStatusChange_ReiMaintenance_txt_locator,id,outerForm:SectionText1
description_reiMaintenance_txt_locator,id,outerForm:stepText
lapseDate_reiMaintenance_txt_locator,id,outerForm:lapseDate_input
reinstatementDate_reiMaintenance_txt_locator,id,outerForm:reinstatmentDate_input
Add Claim page,Module,
claimType_AddClaim_txt_locator,id,outerForm:claimType
claimStatus_AddClaim_txt_locator,id,outerForm:claimStatusCode
DateofBirth_txt_locator,id,outerForm:dateOfBirthDate_input
DateClaimApproved_editbox_locator,id,outerForm:dateClaimApprDate_input
NotificationDate_editbox_locator,id,outerForm:notiOfDthDate_input
DateofDeath_editbox_locator,id,outerForm:dateOfDeathDate_input
DateDeathCertificateReceived_editbox_locator,id,outerForm:deathCertRcvdDate_input
ReasonForClaim_select_locator,id,outerForm:transactionRsnCode
WasDeathAccidental_No_Radio_locator,id,outerForm:causeOfDeathAcci:0
WasDeathAccidental_Yes_Radio_locator,id,outerForm:causeOfDeathAcci:1
IssueAgeVerified_No_Radio_locator,id,outerForm:wasIssueAgeVerified:0
IssueAgeVerified_Yes_Radio_locator,id,outerForm:wasIssueAgeVerified:1
Display Claim Page,Module,
insured_DisplayClaim_txt_locator,id,outerForm:individualName
claimNumber_DisplayClaim_txt_locator,id,outerForm:claimNumber
claimStatus_DisplayClaim_txt_locator,id,outerForm:claimStatusCode
dateOfDeath_DisplayClaim_txt_locator,id,outerForm:dateOfDeathDate_input
reasonForClaim_DisplayClaim_txt_locator,id,outerForm:transactionRsnCode
originalAmount_DisplayClaim_txt_locator,id,outerForm:totalClaimOrigAmt
amountApproved_DisplayClaim_txt_locator,id,outerForm:totalClaimAmountAppr
amountPaid_DisplayClaim_txt_locator,id,outerForm:totalClaimAmountPaid
wasDeathAccidental_DisplayClaim_txt_locator,id,outerForm:causeOfDeathAcci
issueAgeVerified_DisplayClaim_txt_locator,id,outerForm:wasIssueAgeVerified
produceCheck_DisplayClaimPayment_txt_locator,id,outerForm:checkRequestedFlag
policyNumber_DisplayClaimPayment_txt_locator,id,outerForm:policyNumberText
totalPaymentAmount_DisplayClaimPayment_txt_locator,id,outerForm:totalClaimAmountAppr3
ClaimDetail_Link_locator,id,outerForm:WorkWithClaimDetailText
ClaimExceptionLog_link_locator,id,outerForm:ClaimExceptionLogText
payments_link_locator,id,outerForm:WorkWithPaymentsText
ExtendedText_grid1_txt_locator,id,outerForm:grid:0:longDescriptionOut2
policyNumber_CliamPayments_link_locator,id,outerForm:grid:0:policyNumberOut1
extendedText_txt_locator,id,outerForm:longDescription
Client_link_locator,id,outerForm:DisplayClientText
DateClaimApproved_txt_locator,id,outerForm:dateClaimApprDate
Display Claim Policy page,Module,
ClaimAmount_DisplayClaimPolicyPage_txt_locator,id,outerForm:benefitClaimAmount
SelectionMethod_txt_locator,id,outerForm:selectionCodeText
Update Claim Payment,Module,
approved_radio_button_locator,id,outerForm:beneficiaryPmtStat:0
yes_radio_button_locator,id,outerForm:checkRequestedFlag:1
Pay Claim Payment,Module,
UnpaidClaimAmount_txt_locator,id,outerForm:unpaidClaimAmount
AllocatedClaimAmount_txt_locator,id,outerForm:allocatedClaimAmount
interestOnBenefitAmount_txt_locator,id,outerForm:interestOnAnOption
paymentStatus_txt_locator,id,outerForm:paymentStatusCode
checkAmount_txt_locator,id,outerForm:checkAmount
datePaid_txt_locator,id,outerForm:lastPaymentDate_input
Claim Policy page,Module,
ClaimType_ClaimPolicyPage_txt_locator,id,outerForm:claimTypeText
ClaimAmount_txt_locator,id,outerForm:benefitClaimAmtAppr
ClaimAmount_grid1_txt_locator,id,outerForm:grid:0:totalClaimAmountApprOut2
SelectionMethod_grid1_txt_locator,id,outerForm:grid:0:selectionCodeTextOut2
AllCliamProceeds_link_locator,id,outerForm:ClaimProceedsText
Claim Proceeds page,Module,
PaymentType_grid1_txt_locator,id,outerForm:grid:0:claimPaymentTypeTextOut2
PaymentType_grid2_txt_locator,id,outerForm:grid:1:claimPaymentTypeTextOut2
PaymentType_grid3_txt_locator,id,outerForm:grid:2:claimPaymentTypeTextOut2
PaymentType_grid4_txt_locator,id,outerForm:grid:3:claimPaymentTypeTextOut2
AmountApproved_grid1_txt_locator,id,outerForm:grid:0:benefitClaimAmtApprOut2
AmountApproved_grid2_txt_locator,id,outerForm:grid:1:benefitClaimAmtApprOut2
AmountApproved_grid3_txt_locator,id,outerForm:grid:2:benefitClaimAmtApprOut2
AmountApproved_grid4_txt_locator,id,outerForm:grid:3:benefitClaimAmtApprOut2
Add Face Change page,Module,
plan_addFaceChange_txt_locator,id,outerForm:planCode
IncreaseOrDecrease_Decrease_radio_locator,id,outerForm:increaseDecreaseIndicator:0
IncreaseOrDecrease_Increase_radio_locator,id,outerForm:increaseDecreaseIndicator:1
asOfDate_txt_locator,id,outerForm:asOfDate_input
AmountOfChange_AddFaceChange_editbox_locator,id,outerForm:faceChangeAmount
Display Benefit Distribution page,Module,
reason_txt_locator,id,outerForm:increaseDecreaseRsnText
effectiveDate_BenefitDistributionPage_txt_locator,id,outerForm:effectiveDate
age_BenefitDistribution_txt_locator,id,outerForm:issueAge
initialSpecifiedAmount_txt_locator,id,outerForm:initialFaceAmount
currentSpecifiedAmount_txt_locator,id,outerForm:currentFaceAmount
targetPremium_BenefitDistribution_txt_locator,id,outerForm:premiumLimitsTarget
distributionLine_grid1_link_locator,id,outerForm:grid:0:distributionLineOut1
Agent_DisplayBenefitDistribution_link_locator,id,outerForm:DisplayAgentText
Display Policy Agent,Module,
agentType_txt_locator,id,outerForm:agentType
AgentNumber1_txt_locator,id,outerForm:grid:0:agentNumber
writingAgent_link_locator,id,outerForm:grid:0:agentTypeOut1
agentNumber_grid1_txt_locator,id,outerForm:grid:0:agentNumbersOut1
agentNumber_grid2_txt_locator,id,outerForm:grid:1:agentNumbersOut1
SplitPercentage_grid1_txt_locator,id,outerForm:grid:0:agentSplitPercentagesOut2
SplitPercentage_grid2_txt_locator,id,outerForm:grid:1:agentSplitPercentagesOut2
agentNumber_grid1_editbox_locator,id,outerForm:grid:0:agentNumber
agentNumber_grid2_editbox_locator,id,outerForm:grid:1:agentNumber
splitPercentage_grid1_editbox_locator,id,outerForm:grid:0:agentSplitPercentage
splitPercentage_grid2_editbox_locator,id,outerForm:grid:1:agentSplitPercentage
Claims page(Policyowner Services > Claims),Module,
claimsType_select_locator,id,outerForm:grid:claimType
claimNumber_editbox_locator,id,outerForm:grid:claimNumber
cliamType_Grid1_link_locator,id,outerForm:grid:0:claimTypeOut1
table_tbody_locator,id,outerForm:gri:tbody_element
Maturity/Expiration Value Summary page,Module,
Maturity_Owner_locator,id,outerForm:ownerName
Maturity_MaturDate_locator,id,outerForm:maturityDate_input
FundBalance_txt_locator,id,outerForm:fundBalance
Maturity_FaceAmount_locator,id,outerForm:faceAmount
Maturity_DividendsCouponsAccumulations_locator,id,outerForm:onAccumulation
Maturity_GrossMaturityValue_locator,id,outerForm:netMaturityValue
GrossMaturityValue_txt_locator,id,outerForm:netMaturityValue
AvailablePayoutAmount_txt_locator,id,outerForm:availablePayoutAmount
DisbursementAllocation_editbox_locator,id,outerForm:disbursementAllocation
DistributionReasonCode_select_locator,id,outerForm:distributionReasonCode
TotalPolicyGain_txt_locator,id,outerForm:totalPolicyGain
Maturity_BenefitSummaryLink_locator,id,outerForm:BenefitSummaryText
Maturity_BenefitSummary_Status_locator,id,outerForm:status
Maturity_BenefitSummary_GainWithDrawn_locator,id,outerForm:gainWithdrawn
Maturity_PayoutRequest_Disbursement_locator,id,outerForm:disbursementAllocation
Maturity/Expiration Payout Request page,Module,
Maturity_PayoutRequest_DistributionReasonCode_locator,id,outerForm:distributionReasonCode
Maturity_PayoutRequest_UnallocatedPayoutAmount_locator,id,outerForm:unallocatedPayoutAmount
Maturity_PayoutRequest_TotalPolicyGain_locator,id,outerForm:totalPolicyGain
Maturity_DistributionRequest_Method_locator,id,outerForm:disbursementDisplayOnly
Maturity_DistributionRequest_Comments_locator,id,outerForm:combineComment
DisplayCostBasis_BasisWithdrawn_locator,id,outerForm:postTEFRABasisWith
DisplayCostBasis_GainWithdrawn_locator,id,outerForm:postTEFRAGainWith
Distribution Request page,Module,
Method_DistributionRequestPage_txt_locator,id,outerForm:disbursementDisplayOnly
Comments_editbox_locator,id,outerForm:combineComment
1099-R page,Module,
policyNumber_Selector_locator,id,outerForm:grid:2:FullOperator
policyNumber_Value_locator,id,outerForm:grid:2:fieldUpper
taxYear_link_locator,id,outerForm:grid:0:taxAccumulationYearOut1
display1099R_TaxableAmount_locator,id,outerForm:tdtamt
display1100R_EmployeeContributions_locator,id,outerForm:tdecip
display1101R_DiscriptionFor1099R_locator,id,outerForm:taxDistributionComm
Dividend/Coupon Surrender page,Module,
surrenderAmount_editbox_locator,id,outerForm:grid:0:surrenderAmount
surrenderType_txt_locator,id,outerForm:surrenderType
onDepositAccoumulation_txt_locator,id,outerForm:grid:0:accumulationOut2
totalSurrendered_txt_locator,id,outerForm:totalSurrendered
netAmount_txt_locator,id,outerForm:netAmount
Policy Loan page,Module,
loanDate_grid1_locator,id,outerForm:grid:0:loanEffectiveDateOut2
totalLoanBalance_grid1_locator,id,outerForm:grid:0:currentLoanAmountOut2
loanInterestMethod_grid1_locator,id,outerForm:grid:0:loanIntersetMethodTextOut2
interestRate_grid1_locator,id,outerForm:grid:0:loanBAnnualIntRateTextOut2
LoanContract_link_Locator,id,outerForm:LoanContractText
Display Policy Loan page(Inquiry-Policy Detail),Module,
principal_txt_locator,id,outerForm:loanBAmount
interest_txt_locator,id,outerForm:polYrLoanBIntCHarg
annualInterestRate_PolicyLoan_txt_locator,id,outerForm:loanBAnnualIntRateText
policyYear_txt_locator,id,outerForm:policyYrLoanPayments
lastLoanPaymentDate_txt_locator,id,outerForm:lastPaymentDate_input
loanDistribution_link_locator,id,outerForm:LoanDistributionText
loanHistory_link_locator,id,outerForm:LoanHistoryInquiryText
loanStatus_DisplayPolicyLoan_txt_locator,id,outerForm:loanStatusText
interestMethod_DisplayPolicyLoan_txt_locator,id,outerForm:loanIntersetMethodText
Loan History Inquiry page,Module,
currentLoanBalance_grid1_locator,id,outerForm:grid:0:currentLoanAmtOut2
transactionReason_grid1_txt_locator,id,outerForm:grid:0:loanActivityReasonOut2
transactionReason_LoanHistoryInquiry_txt_locator,id,outerForm:loanActivityReason
status_LoanHistoryInquiry_txt_locator,id,outerForm:loanStatus
inceptionToDateInterestCharged_LoanHistoryInquiry_txt_locator,id,outerForm:itdLoanBIntChargEd
PolicyYearInterestCharged_txt_locator,id,outerForm:polYrLoanBIntCharg
Display Policy Loan Transaction page,Module,
LoanPaymentDistribution_link_locator,id,outerForm:LoanPaymentDistributionText
distributionNumber_1_link_locator,id,outerForm:grid:0:loanDistributionNumbOut1
loanB_txt_locator,id,outerForm:loanBInterestPaid
loanAmount_txt_locator,id,outerForm:transactionLoanAmt
interestRateRegularLoan_txt_locator,id,outerForm:loanBIntRateText
disbursementMehod_txt_locator,id,outerForm:checkRequestedFlag
disbursementAmount_txt_locator,id,outerForm:disbursementCheckAmt
payeeName_txt_locator,id,outerForm:checkName
maximumLoanRequest_DisplayPolicyLoanTransaction_txt_locator,id,outerForm:maximumLoanRequest
distributionReason_DisplayPolicyLoanTransaction_txt_locator,id,outerForm:distributionRsnCode
Display Directed Transaction Allocations,Module,
DirectedTransactionAllocation_link_locator,id,outerForm:DirectedTransactionAllocationText
Fund_grid1_locator,id,outerForm:grid:0:fundCodeOut2
Fund_grid2_locator,id,outerForm:grid:1:fundCodeOut2
fundCategory_grid1_locator,id,outerForm:grid:0:fundIDCodeOut2
fundCategory_grid2_locator,id,outerForm:grid:1:fundIDCodeOut2
fundType_grid1_locator,id,outerForm:grid:0:fundTypeOut2
fundType_grid2_locator,id,outerForm:grid:1:fundTypeOut2
fundAllocationType_grid1_locator,id,outerForm:grid:0:allocationFundTypeOut2
fundAllocationType_grid2_locator,id,outerForm:grid:1:allocationFundTypeOut2
transactionPercentage_grid1_locator,id,outerForm:grid:0:transactionPercentOut2
transactionPercentage_grid2_locator,id,outerForm:grid:1:transactionPercentOut2
transactionAmount_grid1_locator,id,outerForm:grid:0:transactionAmountOut2
transactionAmount_grid2_locator,id,outerForm:grid:1:transactionAmountOut2
Benefit Value Summary,Module,
BenefitValue_calculationDate_locator,id,outerForm:calculationDate_input
BenefitValue_Benefit_locator,id,outerForm:baseRiderText
BenefitValue_Plan_locator,id,outerForm:planCodeText
BenefitValue_InsuranceType_locator,id,outerForm:insuranceTypeText
BenefitValue_PolicyPrincipal_locator,id,outerForm:basePrinCashValue
BenefitValue_NetBenefitValue_locator,id,outerForm:benefitNetValue
BenefitValue_Status_locator,id,outerForm:statusCodeText
calculationDate_txt_locator,id,outerForm:calculationDate_input
policyPrincipal_BenefitValueSummary_txt_locator,id,outerForm:basePrinCashValue
generalFundPrincipal_txt_locator,id,outerForm:generalFundPrinc
surrenderCharges_txt_locator,id,outerForm:baseSurrChrgs
netBenefitValue_txt_locator,id,outerForm:benefitNetValue
Extended Term Or Reduced Paid Up Request,Module,
Extended_Reduced_Suspended_locator,id,outerForm:suspended
Extended_Reduced_Insured_locator,id,outerForm:ownerName
Extended_Reduced_Owner_locator,id,outerForm:insuredName
Extended_Reduced_BasePlan_locator,id,outerForm:basePlanCodeText
Extended_Reduced_InsuranceType_locator,id,outerForm:insuranceTypeText
Extended_Reduced_EffectiveDate_locator,id,outerForm:effectiveDate_input
Extended_Reduced_PaidToDate_locator,id,outerForm:paidToDate_input
Extended_Reduced_NFOOption_locator,id,outerForm:nonForfeitureOptionText
Extended_Reduced_ProcessingOption1_locator,id,outerForm:selectedNonForfeitureOption:0
Extended_Reduced_ProcessingOption2_locator,id,outerForm:selectedNonForfeitureOption:1
Extended_Reduced_ExtendedTermFace_locator,id,outerForm:etiFaceAmount
Extended_Reduced_PureEndowmentAmount_locator,id,outerForm:pureEndAmount
Extended_Reduced_ExpirationDate_locator,id,outerForm:etiExpiryDate_input
Extended_Reduced_TermPeriodYears_locator,id,outerForm:etiYears
Extended_Reduced_TermPeriodDays_locator,id,outerForm:etiDays
Extended_Reduced_NetPolicyValue_locator,id,outerForm:etiCashValue
processingOption_ReducedPaidUp_radio_locator,id,outerForm:selectedNonForfeitureOption:1
reducedPaidUpFace_txt_locator,id,outerForm:rpuFaceAmount
netPolicyValue_ExtendedTermOrReducedPaidUpRequest_txt_locator,id,outerForm:rpuCashValue
Batch Page,Module,
BatchNumber_locator,id,outerForm:batchNumber
ApplyOnline_No_locator,id,outerForm:applyOnLine:0
ApplyOnline_Yes_locator,id,outerForm:applyOnLine:1
BatchBalance_locator,id,outerForm:batchBalance
TotalEntered_locator,id,outerForm:totalEntered
Difference_locator,id,outerForm:netDifference
grid_policyNumber1_locator,id,outerForm:grid:0:collectionNumberOut2
grid_policyNumber2_locator,id,outerForm:grid:1:collectionNumberOut2
grid_policyNumber3_locator,id,outerForm:grid:2:collectionNumberOut2
grid_policyNumber4_locator,id,outerForm:grid:3:collectionNumberOut2
grid_policyNumber5_locator,id,outerForm:grid:4:collectionNumberOut2
grid_policyNumber6_locator,id,outerForm:grid:5:collectionNumberOut2
grid_policyNumber7_locator,id,outerForm:grid:6:collectionNumberOut2
grid_amount1_locator,id,outerForm:grid:0:amountReceivedOut2
grid_amount2_locator,id,outerForm:grid:1:amountReceivedOut2
grid_amount3_locator,id,outerForm:grid:2:amountReceivedOut2
grid_amount4_locator,id,outerForm:grid:3:amountReceivedOut2
grid_amount5_locator,id,outerForm:grid:4:amountReceivedOut2
grid_amount6_locator,id,outerForm:grid:5:amountReceivedOut2
grid_amount7_locator,id,outerForm:grid:6:amountReceivedOut2
Currency_columnbox_locator,id,outerForm:grid:currencyCode
grid_NumberofPayments7_locator,id,outerForm:grid:6:numberOfPaymentsOut2
grid_Message7_locator,id,outerForm:grid:6:messageOut2
Agent Policies - Pending page,Module,
agentNumber_editbox_locator,id,outerForm:agentNumber
policyNumber_grid_editbox_locator,id,outerForm:grid:policyNumber
checkRecipient_editbox_locator,id,outerForm:checkRecipient
Search Change Status to Pending page,Module,
operator_policynumber_select_locator,id,outerForm:grid:6:FullOperator
value_policynumber_editbox_locator,id,outerForm:grid:6:fieldUpper
operator3_select_locator,id,outerForm:grid:2:EqualOperator
value3_select_locator,id,outerForm:grid:2:fieldListbox
operator4_select_locator,id,outerForm:grid:3:FullOperator
value4_editbox_locator,id,outerForm:grid:3:fieldUpper
operator5_select_locator,id,outerForm:grid:4:EqualOperator
value5_select_locator,id,outerForm:grid:4:fieldListbox
operator17_select_locator,id,outerForm:grid:16:FullOperator
value17_editbox_locator,id,outerForm:grid:16:fieldUpper
LastChanged_date_link_Locator,id,outerForm:grid:0:lastStatusChangeDateOut1
Add Account Control page,module,
accountControlNumber_editbox_locator,id,outerForm:accountControlNumber
firstAccountHolder_txt_locator,id,outerForm:accountHolderName1
secondAccountHolder_txt_locator,id,outerForm:accountHolderName2
type_CC_radio_locator,id,outerForm:accountControlType:0
type_ET_radio_locator,id,outerForm:accountControlType:1
type_SD_radio_locator,id,outerForm:accountControlType:2
type_txt_locator,id,outerForm:accountControlType
BillingMode_Locator,id,outerForm:billingMode
nextDebitDate_editbox_locator,id,outerForm:nextDebitDate_input
bankRoutingNumber_editbox_locator,id,outerForm:bankRoutingNumber
bandBranchNumber_editbox_locator,id,outerForm:bankBranchNumber
checkingSaving_select_locator,id,outerForm:bankAccountType
bankAccountCreditCardNumber_editbox_locator,id,outerForm:bankAccountNumber
bankName_txt_locator,id,outerForm:bankName
accountStatus_txt_locator,id,outerForm:accountStatus
creditCardType_select_locator,id,outerForm:creditCardType
expirationMonth_select_locator,id,outerForm:month
expirationYear_editbox_locator,id,outerForm:year
Payment Reversal page,module,
Reversal_Reason_locator,id,outerForm:premiumReveRsnCode
Reversal_PolicyContract_Link_locator,id,outerForm:PolicyContractText
Reversal_PolicyInquiry_Link_locator,id,outerForm:PolicyInquiryText
Reversal_PolicyStatement_Link_locator,id,outerForm:PolicyStatement
Reversal_ApplyDate1_Link_locator,id,outerForm:grid:0:applyDateOut1
Reversal_ApplyDate2_Link_locator,id,outerForm:grid:1:applyDateOut1
Reversal_ApplyDate3_Link_locator,id,outerForm:grid:2:applyDateOut1
Reversal_ApplyDate4_Link_locator,id,outerForm:grid:3:applyDateOut1
Reversal_ReversalDate_locator,id,outerForm:grid:0:reversalDateOut2
ReversalReason_grid1_link_locator,id,outerForm:grid:0:premiumReveRsnCodeTextOut2
premiumPaid_grid1_txt_locator,id,outerForm:grid:0:paymentAmountOut2
achReversalCode_editbox_locator,id,outerForm:achReversalCode
Loan Principal Payment page,module,
interestPaidtoDate_LoanPrincipalPayment_txt_locator,id,outerForm:loanIntPaidToDate_input
loanEffectiveDate_LoanPrincipalPayment_txt_locator,id,outerForm:loanEffectiveDate_input
suspenseAmount_txt_locator,id,outerForm:suspenseAmount
Display Free Look Cancellation Transaction History,module,
transactionType_DisplayFreeLookCancellationTransactionHistory_txt_locator,id,outerForm:TransactionType1
date_txt_locator,id,outerForm:transactionDate_input
freelookexpirationDate_DisplayFreeLookCancellationTransactionHistory_txt_locator,id,outerForm:freeLookExpiDate_input
freeLookType_DisplayFreeLookCancellationTransactionHistory__txt_locator,id,outerForm:freeLookType
cancellationValue_DisplayFreeLookCancellationTransactionHistory_txt_locator,id,outerForm:cancellationValue
amountToPolicyholder_txt_locator,id,outerForm:cancellationValue2
grossPremium_txt_locator,id,outerForm:itdGrossPremium
accountValue_txt_locator,id,outerForm:accumulatedFundValue
premiumLoads_txt_locator,id,outerForm:loads
Display Monthaversary Processing Suspended Flag,Module,
MAVSuspended_txt_locator,id,outerForm:suspendCode
Display Full/Partial Surrender Transaction page,Module,
SuspenseBalanceReleased_txt_locator,id,outerForm:suspenseBalReleased
TotalSurrenderAmount_txt_locator,id,outerForm:totalSurrAmt
1099RDistribution_txt_locator,id,outerForm:numericDistCode
FreeSurrenderAmount_txt_locator,id,outerForm:freeSurrenderAmount
RequestedSurrender_txt_locator,id,outerForm:requestedSurrAmt
GeneralFundSurrenderCharge_txt_locator,id,outerForm:gfSurrenderCharge
AmountToPolicyholder_DisplayFullPartialSurrenderTransaction_txt_locator,id,outerForm:grossDistributionAmt
AdministrativeCharge_SurrenderTransaction_txt_locator,id,outerForm:administrativeCharge
Surrender Request page,Module,
SurrenderDate_editbox_locator,id,outerForm:promptDate_input
SurrenderType_Surrender_txt_locator,id,outerForm:surrenderTypeText
Benefit_grid1_link_locator,id,outerForm:grid:0:baseRiderCodeOut2
Status_Grid1_Surrender_txt_locator,id,outerForm:grid:0:benefitStatusOut2
SurrenderDate_txt_locator,id,outerForm:applyDate_input
AccumulatedFundValueThroughSurrenderDate_txt_locator,id,outerForm:accumulatedValue_full_fund
SurrenderCharge_editbox_locator,id,outerForm:surrenderChargeDisplay
MiscellaneousSurrenderCharge_editbox_locator,id,outerForm:miscellaneousSurrenderChargeDisplay_full
AdministrativeCharge_editbox_locator,id,outerForm:administrativeChargeDisplay_full
PremiumRefundAmount_txt_locator,id,outerForm:premiumDueAmount_full_refund
OutstandingLoanAmount_txt_locator,id,outerForm:outstandingLoanAmount_full_loan
UnearnedMortalityCharges_editbox_locator,id,outerForm:unearnedMortalityCharges
NetSurrenderAmount_txt_locator,id,outerForm:netSurrenderAmount_full
SuspenseAmountReleased_txt_locator,id,outerForm:suspenseAmountReleased
AmounttoOwner_txt_locator,id,outerForm:amountToOwner_full
TotalGainSurrendered_txt_locator,id,outerForm:postTEFRAGain_full
DistributionReasonCode_SurrenderRequestPage_select_locator,id,outerForm:distributionReasonCode_full
DistributionReasonCode_PartialSurrender_select_locator,id,outerForm:distributionReasonCode_partial
TaxYear_SurrenderRequestPage_editbox_locator,id,outerForm:taxYear_full
TaxYear_txt_locator,id,outerForm:taxYear_partial
AccumulatedFundValueThroughSurrenderDate_SurrenderRequestPage_txt_locator,id,outerForm:accumulatedValue_parial_fund
MaximumAvailableAmount_txt_locator,id,outerForm:maximumAvailableAmount_partial
UnprotectedSurrenderCharge_txt_locator,id,outerForm:unprotectedSurrenderChargeDisplay_partial
NetSurrenderAmount_SurrenderRequestPage_txt_locator,id,outerForm:netSurrenderAmount_partial
AmounttoOwner_SurrenderRequestPage_txt_locator,id,outerForm:amountToOwner_partial
MinimumBalanceRequired_txt_locator,id,outerForm:minimumBalanceRequired
MaximumAvailableFreePartialAmount_txt_locator,id,outerForm:maximumFreePartialAmount
Owner_SurrenderRequestPage_txt_locator,id,outerForm:owner
RequestedSurrenderAmount_txt_locator,id,outerForm:requestedSurrenderAmount_partial
RequestType_Gross_radio_locator,id,outerForm:requestType:0
RequestType_Net_radio_locator,id,outerForm:requestType:1
MiscellaneousSurrenderCharge_txt_locator,id,outerForm:miscellaneousSurrenderChargeDisplay_partial
AdministrativeCharge_txt_locator,id,outerForm:administrativeChargeDisplay_partial
Pending Daily Agent Adjustments Page,Module,
Status_grid1_link_locator,id,outerForm:grid:0:advanceTranStatOut1
AgentName_txt_locator,id,outerForm:agentName
Description_DisplayPendingDailyAgentAdjustment_txt_locator,id,outerForm:longDescription
LedgerEntry_txt_locator,id,outerForm:debitOrCreditFlag
Amount_txt_locator,id,outerForm:commissionAmmount
Status_DisplayPendingDailyAgentAdjustment_txt_locator,id,outerForm:advanceTranStat
Display Client,Module,
DateOfDeath_txt_locator,id,outerForm:dateOfDeath_input
Display Add Life Rider Transaction,module,
Description_DisplayAddLifeRiderTransaction_txt_locator,id,outerForm:posTransactionType
EffectiveDate_DisplayAddLifeRiderTransaction_txt_locator,id,outerForm:issueDate_input
PremiumRequired_txt_locator,id,outerForm:requiredPremium